Model,Accuracy,Precision,Recall,F1 Score
Logistic Regression,0.8055358410220014,0.6572327044025157,0.5588235294117647,0.6040462427745664
Random Forest,0.7863733144073811,0.6254295532646048,0.48663101604278075,0.5473684210526316
XGBoost,0.772888573456352,0.5823170731707317,0.5106951871657754,0.5441595441595442
